{"cameraMode":{"drawMode":0,"name":"Shaded","section":"Shading Mode"},"sceneLighting":true,"audioPlay":false,"sceneViewState":{"m_AlwaysRefresh":false,"showFog":true,"showSkybox":false,"showFlares":true,"showImageEffects":true,"showParticleSystems":true,"showVisualEffectGraphs":true,"m_FxEnabled":true},"in2DMode":false,"pivot":{"x":-1.7281545400619507,"y":3.0119948387145998,"z":-0.5766197443008423},"rotation":{"x":0.07227493077516556,"y":0.17648343741893769,"z":-0.012994966469705105,"w":0.9815609455108643},"size":10.432835578918457,"orthographic":false}