{"cameraMode":{"drawMode":0,"name":"Shaded","section":"Shading Mode"},"sceneLighting":true,"audioPlay":false,"sceneViewState":{"m_AlwaysRefresh":false,"showFog":true,"showSkybox":false,"showFlares":true,"showImageEffects":true,"showParticleSystems":true,"showVisualEffectGraphs":true,"m_FxEnabled":true},"in2DMode":false,"pivot":{"x":1.6328301429748536,"y":-8.348359107971192,"z":121.5499496459961},"rotation":{"x":-0.06445004791021347,"y":-0.01288159005343914,"z":0.0008202504832297564,"w":-0.9978305697441101},"size":71.63327026367188,"orthographic":false}