{"cameraMode":{"drawMode":0,"name":"Shaded","section":"Shading Mode"},"sceneLighting":true,"audioPlay":false,"sceneViewState":{"m_AlwaysRefresh":false,"showFog":true,"showSkybox":false,"showFlares":true,"showImageEffects":true,"showParticleSystems":true,"showVisualEffectGraphs":true,"m_FxEnabled":true},"in2DMode":false,"pivot":{"x":7.333491802215576,"y":3.527250051498413,"z":-4.678617477416992},"rotation":{"x":0.12417920678853989,"y":0.0008891087491065264,"z":-0.00012599615729413927,"w":0.9922650456428528},"size":1.6581043004989625,"orthographic":false}