{"cameraMode":{"drawMode":0,"name":"Shaded","section":"Shading Mode"},"sceneLighting":true,"audioPlay":false,"sceneViewState":{"m_AlwaysRefresh":false,"showFog":true,"showSkybox":false,"showFlares":true,"showImageEffects":true,"showParticleSystems":true,"showVisualEffectGraphs":true,"m_FxEnabled":true},"in2DMode":false,"pivot":{"x":427.3315734863281,"y":252.19773864746095,"z":-123.69102478027344},"rotation":{"x":-0.17625440657138825,"y":0.03749167174100876,"z":-0.006718650460243225,"w":-0.9836115837097168},"size":191.47750854492188,"orthographic":false}