{"cameraMode":{"drawMode":0,"name":"Shaded","section":"Shading Mode"},"sceneLighting":true,"audioPlay":false,"sceneViewState":{"m_AlwaysRefresh":false,"showFog":true,"showSkybox":false,"showFlares":true,"showImageEffects":true,"showParticleSystems":true,"showVisualEffectGraphs":true,"m_FxEnabled":true},"in2DMode":false,"pivot":{"x":-8.000388145446778,"y":7.4429121017456059,"z":-11.624390602111817},"rotation":{"x":-0.17288632690906526,"y":0.14917632937431336,"z":-0.026500115171074868,"w":-0.9732197523117065},"size":2.623875379562378,"orthographic":false}